[
  {
    "人材ID": "b9fcb3b2-6d88-41b7-b5b4-2f1d6b24cf32",
    "所属会社": "ABCソリューション株式会社",
    "名前": "山田 太郎",
    "社員番号": "A1001",
    "生年月日": "19900415",
    "現案件終了年月日": "20251231",
    "BPフラグ": 0,
    "削除フラグ": 0
  },
  {
    "人材ID": "f2cdd908-4a2e-4e61-9a2d-73f7a38c72a1",
    "所属会社": "DEFテクノロジーズ株式会社",
    "名前": "佐藤 花子",
    "社員番号": "A1002",
    "生年月日": "19870620",
    "現案件終了年月日": "20250630",
    "BPフラグ": 0,
    "削除フラグ": 0
  },
  {
    "人材ID": "6b5cc053-2682-4f14-9b62-05611b78d74f",
    "所属会社": "GHIシステムズ株式会社",
    "名前": "鈴木 一郎",
    "社員番号": "A1003",
    "生年月日": "19921005",
    "現案件終了年月日": "20250430",
    "BPフラグ": 0,
    "削除フラグ": 0
  },
  {
    "人材ID": "c6e72e4e-22b5-437b-b0d7-6a88290eb2b1",
    "所属会社": "JKLソフトウェア合同会社",
    "名前": "高橋 美咲",
    "社員番号": "A1004",
    "生年月日": "19981125",
    "現案件終了年月日": "20250715",
    "BPフラグ": 0,
    "削除フラグ": 0
  },
  {
    "人材ID": "e2ac3f3f-9827-49d7-b463-c7889c80e3a2",
    "所属会社": "MNOエンジニアリング株式会社",
    "名前": "田中 健",
    "社員番号": "A1005",
    "生年月日": "19891210",
    "現案件終了年月日": "20260331",
    "BPフラグ": 0,
    "削除フラグ": 0
  }
]